Workbook

Sheet Tổng hợp điểm
A1: ĐIỂM THI HK1-2018-2019 (CT428)
B2: Ma CB | C2: 1043 | D2: Ho va Ten | F2: Nguyen Minh Trung
B3: Ma MH | C3: CT428 | D3: Ma NH | F3: 8
B4: Nam hoc | C4: 2020-2021 | D4: Hoc ky | F4: 1
B5: Nam hoc | C5: 2020-2021 | D5: Hoc ky | F5: 1
A7: STT | B7: Mã SV | C7: Họ và Tên | D7: Điểm TH1 | E7: Điểm TH2 | F7: Điểm TH3 | G7: Điểm BT Lớn | H7: Điểm LT | I7: Điểm Tổng | J7: Điểm theo thang điểm 10 | K7: Điểm chữ
A8: 1 | B8: 0B1505719 | C8: =VLOOKUP(RIGHT(B8,8),'Các bảng tham chiếu và thống kê'!$B$14:$C$27,2,FALSE) -> Nguyễn Văn Hiếu | D8: =VLOOKUP(RIGHT(B8,8),'Điểm thực hành các buổi'!$B$3:$F$16,3,FALSE) -> 0.45 | E8: =VLOOKUP(RIGHT(B8,8),'Điểm thực hành các buổi'!$B$3:$F$16,4,FALSE) -> 0.25 | F8: =VLOOKUP(RIGHT(B8,8),'Điểm thực hành các buổi'!$B$3:$F$16,5,FALSE) -> 0.3 | G8: =VLOOKUP(RIGHT(B8,8),'Điểm bài tập lớn'!$B$3:$D$16,3,FALSE) -> 0.5 | H8: =VLOOKUP(RIGHT(B8,8),'Điểm lí thuyết'!$B$3:$D$16,3,FALSE) -> 4.2 | I8: =ROUND(IF(H8=-3,0,D8+E8+F8+G8+0.6*H8),1) -> 4 | J8: =ROUND(IF(OR(G8=0,VALUE(LEFT(B8,1))>2),0,I8+VLOOKUP(VALUE(LEFT(B8,1)),'Các bảng tham chiếu và thống kê'!$E$3:$F$5,2,TRUE)),1) -> 5 | K8: =VLOOKUP(J8,'Các bảng tham chiếu và thống kê'!$A$3:$C$10,2,TRUE) -> D+
A9: 2 | B9: 1B1505915 | C9: =VLOOKUP(RIGHT(B9,8),'Các bảng tham chiếu và thống kê'!$B$14:$C$27,2,FALSE) -> Lê Minh Trí | D9: =VLOOKUP(RIGHT(B9,8),'Điểm thực hành các buổi'!$B$3:$F$16,3,FALSE) -> 0.5 | E9: =VLOOKUP(RIGHT(B9,8),'Điểm thực hành các buổi'!$B$3:$F$16,4,FALSE) -> 0.35 | F9: =VLOOKUP(RIGHT(B9,8),'Điểm thực hành các buổi'!$B$3:$F$16,5,FALSE) -> 0.4 | G9: =VLOOKUP(RIGHT(B9,8),'Điểm bài tập lớn'!$B$3:$D$16,3,FALSE) -> 1 | H9: =VLOOKUP(RIGHT(B9,8),'Điểm lí thuyết'!$B$3:$D$16,3,FALSE) -> 5.8 | I9: =ROUND(IF(H9=-3,0,D9+E9+F9+G9+0.6*H9),1) -> 5.7 | J9: =ROUND(IF(OR(G9=0,VALUE(LEFT(B9,1))>2),0,I9+VLOOKUP(VALUE(LEFT(B9,1)),'Các bảng tham chiếu và thống kê'!$E$3:$F$5,2,TRUE)),1) -> 6.2 | K9: =VLOOKUP(J9,'Các bảng tham chiếu và thống kê'!$A$3:$C$10,2,TRUE) -> C
A10: 3 | B10: 0B1509874 | C10: =VLOOKUP(RIGHT(B10,8),'Các bảng tham chiếu và thống kê'!$B$14:$C$27,2,FALSE) -> Nguyễn Kiều Mi | D10: =VLOOKUP(RIGHT(B10,8),'Điểm thực hành các buổi'!$B$3:$F$16,3,FALSE) -> 0.25 | E10: =VLOOKUP(RIGHT(B10,8),'Điểm thực hành các buổi'!$B$3:$F$16,4,FALSE) -> 0.25 | F10: =VLOOKUP(RIGHT(B10,8),'Điểm thực hành các buổi'!$B$3:$F$16,5,FALSE) -> 0.3 | G10: =VLOOKUP(RIGHT(B10,8),'Điểm bài tập lớn'!$B$3:$D$16,3,FALSE) -> 0.5 | H10: =VLOOKUP(RIGHT(B10,8),'Điểm lí thuyết'!$B$3:$D$16,3,FALSE) -> 5.8 | I10: =ROUND(IF(H10=-3,0,D10+E10+F10+G10+0.6*H10),1) -> 4.8 | J10: =ROUND(IF(OR(G10=0,VALUE(LEFT(B10,1))>2),0,I10+VLOOKUP(VALUE(LEFT(B10,1)),'Các bảng tham chiếu và thống kê'!$E$3:$F$5,2,TRUE)),1) -> 5.8 | K10: =VLOOKUP(J10,'Các bảng tham chiếu và thống kê'!$A$3:$C$10,2,TRUE) -> C
A11: 4 | B11: 0B1509929 | C11: =VLOOKUP(RIGHT(B11,8),'Các bảng tham chiếu và thống kê'!$B$14:$C$27,2,FALSE) -> Đặng Duy Linh | D11: =VLOOKUP(RIGHT(B11,8),'Điểm thực hành các buổi'!$B$3:$F$16,3,FALSE) -> 0.4 | E11: =VLOOKUP(RIGHT(B11,8),'Điểm thực hành các buổi'!$B$3:$F$16,4,FALSE) -> 0.25 | F11: =VLOOKUP(RIGHT(B11,8),'Điểm thực hành các buổi'!$B$3:$F$16,5,FALSE) -> 0.35 | G11: =VLOOKUP(RIGHT(B11,8),'Điểm bài tập lớn'!$B$3:$D$16,3,FALSE) -> 1 | H11: =VLOOKUP(RIGHT(B11,8),'Điểm lí thuyết'!$B$3:$D$16,3,FALSE) -> 4.5 | I11: =ROUND(IF(H11=-3,0,D11+E11+F11+G11+0.6*H11),1) -> 4.7 | J11: =ROUND(IF(OR(G11=0,VALUE(LEFT(B11,1))>2),0,I11+VLOOKUP(VALUE(LEFT(B11,1)),'Các bảng tham chiếu và thống kê'!$E$3:$F$5,2,TRUE)),1) -> 5.7 | K11: =VLOOKUP(J11,'Các bảng tham chiếu và thống kê'!$A$3:$C$10,2,TRUE) -> C
A12: 5 | B12: 2B1605223 | C12: =VLOOKUP(RIGHT(B12,8),'Các bảng tham chiếu và thống kê'!$B$14:$C$27,2,FALSE) -> Lê Thị Trúc Linh | D12: =VLOOKUP(RIGHT(B12,8),'Điểm thực hành các buổi'!$B$3:$F$16,3,FALSE) -> 0.45 | E12: =VLOOKUP(RIGHT(B12,8),'Điểm thực hành các buổi'!$B$3:$F$16,4,FALSE) -> 0.4 | F12: =VLOOKUP(RIGHT(B12,8),'Điểm thực hành các buổi'!$B$3:$F$16,5,FALSE) -> 0.35 | G12: =VLOOKUP(RIGHT(B12,8),'Điểm bài tập lớn'!$B$3:$D$16,3,FALSE) -> 0.75 | H12: =VLOOKUP(RIGHT(B12,8),'Điểm lí thuyết'!$B$3:$D$16,3,FALSE) -> 5.5 | I12: =ROUND(IF(H12=-3,0,D12+E12+F12+G12+0.6*H12),1) -> 5.3 | J12: =ROUND(IF(OR(G12=0,VALUE(LEFT(B12,1))>2),0,I12+VLOOKUP(VALUE(LEFT(B12,1)),'Các bảng tham chiếu và thống kê'!$E$3:$F$5,2,TRUE)),1) -> 5.6 | K12: =VLOOKUP(J12,'Các bảng tham chiếu và thống kê'!$A$3:$C$10,2,TRUE) -> C
A13: 6 | B13: 0B1605235 | C13: =VLOOKUP(RIGHT(B13,8),'Các bảng tham chiếu và thống kê'!$B$14:$C$27,2,FALSE) -> Phạm Thị Huỳnh | D13: =VLOOKUP(RIGHT(B13,8),'Điểm thực hành các buổi'!$B$3:$F$16,3,FALSE) -> 0.4 | E13: =VLOOKUP(RIGHT(B13,8),'Điểm thực hành các buổi'!$B$3:$F$16,4,FALSE) -> 0.45 | F13: =VLOOKUP(RIGHT(B13,8),'Điểm thực hành các buổi'!$B$3:$F$16,5,FALSE) -> 0.5 | G13: =VLOOKUP(RIGHT(B13,8),'Điểm bài tập lớn'!$B$3:$D$16,3,FALSE) -> 1.2 | H13: =VLOOKUP(RIGHT(B13,8),'Điểm lí thuyết'!$B$3:$D$16,3,FALSE) -> 7.5 | I13: =ROUND(IF(H13=-3,0,D13+E13+F13+G13+0.6*H13),1) -> 7.1 | J13: =ROUND(IF(OR(G13=0,VALUE(LEFT(B13,1))>2),0,I13+VLOOKUP(VALUE(LEFT(B13,1)),'Các bảng tham chiếu và thống kê'!$E$3:$F$5,2,TRUE)),1) -> 8.1 | K13: =VLOOKUP(J13,'Các bảng tham chiếu và thống kê'!$A$3:$C$10,2,TRUE) -> B+
A14: 7 | B14: 0B1605249 | C14: =VLOOKUP(RIGHT(B14,8),'Các bảng tham chiếu và thống kê'!$B$14:$C$27,2,FALSE) -> Lê Minh Thông | D14: =VLOOKUP(RIGHT(B14,8),'Điểm thực hành các buổi'!$B$3:$F$16,3,FALSE) -> 0.4 | E14: =VLOOKUP(RIGHT(B14,8),'Điểm thực hành các buổi'!$B$3:$F$16,4,FALSE) -> 0.4 | F14: =VLOOKUP(RIGHT(B14,8),'Điểm thực hành các buổi'!$B$3:$F$16,5,FALSE) -> 0.4 | G14: =VLOOKUP(RIGHT(B14,8),'Điểm bài tập lớn'!$B$3:$D$16,3,FALSE) -> 1 | H14: =VLOOKUP(RIGHT(B14,8),'Điểm lí thuyết'!$B$3:$D$16,3,FALSE) -> 5.3 | I14: =ROUND(IF(H14=-3,0,D14+E14+F14+G14+0.6*H14),1) -> 5.4 | J14: =ROUND(IF(OR(G14=0,VALUE(LEFT(B14,1))>2),0,I14+VLOOKUP(VALUE(LEFT(B14,1)),'Các bảng tham chiếu và thống kê'!$E$3:$F$5,2,TRUE)),1) -> 6.4 | K14: =VLOOKUP(J14,'Các bảng tham chiếu và thống kê'!$A$3:$C$10,2,TRUE) -> C
A15: 8 | B15: 0B1605285 | C15: =VLOOKUP(RIGHT(B15,8),'Các bảng tham chiếu và thống kê'!$B$14:$C$27,2,FALSE) -> Huỳnh Thị Diễm | D15: =VLOOKUP(RIGHT(B15,8),'Điểm thực hành các buổi'!$B$3:$F$16,3,FALSE) -> 0.45 | E15: =VLOOKUP(RIGHT(B15,8),'Điểm thực hành các buổi'!$B$3:$F$16,4,FALSE) -> 0.4 | F15: =VLOOKUP(RIGHT(B15,8),'Điểm thực hành các buổi'!$B$3:$F$16,5,FALSE) -> 0.45 | G15: =VLOOKUP(RIGHT(B15,8),'Điểm bài tập lớn'!$B$3:$D$16,3,FALSE) -> 0 | H15: =VLOOKUP(RIGHT(B15,8),'Điểm lí thuyết'!$B$3:$D$16,3,FALSE) -> 6.8 | I15: =ROUND(IF(H15=-3,0,D15+E15+F15+G15+0.6*H15),1) -> 5.4 | J15: =ROUND(IF(OR(G15=0,VALUE(LEFT(B15,1))>2),0,I15+VLOOKUP(VALUE(LEFT(B15,1)),'Các bảng tham chiếu và thống kê'!$E$3:$F$5,2,TRUE)),1) -> 0 | K15: =VLOOKUP(J15,'Các bảng tham chiếu và thống kê'!$A$3:$C$10,2,TRUE) -> F
A16: 9 | B16: 0B1605291 | C16: =VLOOKUP(RIGHT(B16,8),'Các bảng tham chiếu và thống kê'!$B$14:$C$27,2,FALSE) -> Trần Thanh Nguyên | D16: =VLOOKUP(RIGHT(B16,8),'Điểm thực hành các buổi'!$B$3:$F$16,3,FALSE) -> 0.45 | E16: =VLOOKUP(RIGHT(B16,8),'Điểm thực hành các buổi'!$B$3:$F$16,4,FALSE) -> 0.4 | F16: =VLOOKUP(RIGHT(B16,8),'Điểm thực hành các buổi'!$B$3:$F$16,5,FALSE) -> 0.4 | G16: =VLOOKUP(RIGHT(B16,8),'Điểm bài tập lớn'!$B$3:$D$16,3,FALSE) -> 0.75 | H16: =VLOOKUP(RIGHT(B16,8),'Điểm lí thuyết'!$B$3:$D$16,3,FALSE) -> 6.3 | I16: =ROUND(IF(H16=-3,0,D16+E16+F16+G16+0.6*H16),1) -> 5.8 | J16: =ROUND(IF(OR(G16=0,VALUE(LEFT(B16,1))>2),0,I16+VLOOKUP(VALUE(LEFT(B16,1)),'Các bảng tham chiếu và thống kê'!$E$3:$F$5,2,TRUE)),1) -> 6.8 | K16: =VLOOKUP(J16,'Các bảng tham chiếu và thống kê'!$A$3:$C$10,2,TRUE) -> C+
A17: 10 | B17: 1B1605344 | C17: =VLOOKUP(RIGHT(B17,8),'Các bảng tham chiếu và thống kê'!$B$14:$C$27,2,FALSE) -> Nguyễn Thị Đào | D17: =VLOOKUP(RIGHT(B17,8),'Điểm thực hành các buổi'!$B$3:$F$16,3,FALSE) -> 0.3 | E17: =VLOOKUP(RIGHT(B17,8),'Điểm thực hành các buổi'!$B$3:$F$16,4,FALSE) -> 0.5 | F17: =VLOOKUP(RIGHT(B17,8),'Điểm thực hành các buổi'!$B$3:$F$16,5,FALSE) -> 0.45 | G17: =VLOOKUP(RIGHT(B17,8),'Điểm bài tập lớn'!$B$3:$D$16,3,FALSE) -> 0.3 | H17: =VLOOKUP(RIGHT(B17,8),'Điểm lí thuyết'!$B$3:$D$16,3,FALSE) -> 8.3 | I17: =ROUND(IF(H17=-3,0,D17+E17+F17+G17+0.6*H17),1) -> 6.5 | J17: =ROUND(IF(OR(G17=0,VALUE(LEFT(B17,1))>2),0,I17+VLOOKUP(VALUE(LEFT(B17,1)),'Các bảng tham chiếu và thống kê'!$E$3:$F$5,2,TRUE)),1) -> 7 | K17: =VLOOKUP(J17,'Các bảng tham chiếu và thống kê'!$A$3:$C$10,2,TRUE) -> B
A18: 11 | B18: 4B1607025 | C18: =VLOOKUP(RIGHT(B18,8),'Các bảng tham chiếu và thống kê'!$B$14:$C$27,2,FALSE) -> Nguyễn Chí Thanh | D18: =VLOOKUP(RIGHT(B18,8),'Điểm thực hành các buổi'!$B$3:$F$16,3,FALSE) -> 0.4 | E18: =VLOOKUP(RIGHT(B18,8),'Điểm thực hành các buổi'!$B$3:$F$16,4,FALSE) -> 0.45 | F18: =VLOOKUP(RIGHT(B18,8),'Điểm thực hành các buổi'!$B$3:$F$16,5,FALSE) -> 0.4 | G18: =VLOOKUP(RIGHT(B18,8),'Điểm bài tập lớn'!$B$3:$D$16,3,FALSE) -> 0.3 | H18: =VLOOKUP(RIGHT(B18,8),'Điểm lí thuyết'!$B$3:$D$16,3,FALSE) -> -3 | I18: =ROUND(IF(H18=-3,0,D18+E18+F18+G18+0.6*H18),1) -> 0 | J18: =ROUND(IF(OR(G18=0,VALUE(LEFT(B18,1))>2),0,I18+VLOOKUP(VALUE(LEFT(B18,1)),'Các bảng tham chiếu và thống kê'!$E$3:$F$5,2,TRUE)),1) -> 0 | K18: =VLOOKUP(J18,'Các bảng tham chiếu và thống kê'!$A$3:$C$10,2,TRUE) -> F
A19: 12 | B19: 2B1609759 | C19: =VLOOKUP(RIGHT(B19,8),'Các bảng tham chiếu và thống kê'!$B$14:$C$27,2,FALSE) -> Nguyễn Hải Anh | D19: =VLOOKUP(RIGHT(B19,8),'Điểm thực hành các buổi'!$B$3:$F$16,3,FALSE) -> 0.5 | E19: =VLOOKUP(RIGHT(B19,8),'Điểm thực hành các buổi'!$B$3:$F$16,4,FALSE) -> 0.5 | F19: =VLOOKUP(RIGHT(B19,8),'Điểm thực hành các buổi'!$B$3:$F$16,5,FALSE) -> 0.45 | G19: =VLOOKUP(RIGHT(B19,8),'Điểm bài tập lớn'!$B$3:$D$16,3,FALSE) -> 1.5 | H19: =VLOOKUP(RIGHT(B19,8),'Điểm lí thuyết'!$B$3:$D$16,3,FALSE) -> 7 | I19: =ROUND(IF(H19=-3,0,D19+E19+F19+G19+0.6*H19),1) -> 7.2 | J19: =ROUND(IF(OR(G19=0,VALUE(LEFT(B19,1))>2),0,I19+VLOOKUP(VALUE(LEFT(B19,1)),'Các bảng tham chiếu và thống kê'!$E$3:$F$5,2,TRUE)),1) -> 7.5 | K19: =VLOOKUP(J19,'Các bảng tham chiếu và thống kê'!$A$3:$C$10,2,TRUE) -> B
... A21: 14 | B21: 0B1609773 | C21: =VLOOKUP(RIGHT(B21,8),'Các bảng tham chiếu và thống kê'!$B$14:$C$27,2,FALSE) -> Nguyễn Duy Khanh | D21: =VLOOKUP(RIGHT(B21,8),'Điểm thực hành các buổi'!$B$3:$F$16,3,FALSE) -> 0.35 | E21: =VLOOKUP(RIGHT(B21,8),'Điểm thực hành các buổi'!$B$3:$F$16,4,FALSE) -> 0.4 | F21: =VLOOKUP(RIGHT(B21,8),'Điểm thực hành các buổi'!$B$3:$F$16,5,FALSE) -> 0 | G21: =VLOOKUP(RIGHT(B21,8),'Điểm bài tập lớn'!$B$3:$D$16,3,FALSE) -> 0.85 | H21: =VLOOKUP(RIGHT(B21,8),'Điểm lí thuyết'!$B$3:$D$16,3,FALSE) -> 6.5 | I21: =ROUND(IF(H21=-3,0,D21+E21+F21+G21+0.6*H21),1) -> 5.5 | J21: =ROUND(IF(OR(G21=0,VALUE(LEFT(B21,1))>2),0,I21+VLOOKUP(VALUE(LEFT(B21,1)),'Các bảng tham chiếu và thống kê'!$E$3:$F$5,2,TRUE)),1) -> 6.5 | K21: =VLOOKUP(J21,'Các bảng tham chiếu và thống kê'!$A$3:$C$10,2,TRUE) -> C+

Sheet Điểm thực hành các buổi
A1: Điểm thực hành các buổi
A2: STT | B2: Mã SV | C2: Họ và tên | D2: Điểm TH 1 | E2: Điểm TH 2 | F2: Điểm TH 3
A3: 1 | B3: B1505719 | C3: Nguyễn Văn Hiếu | D3: 0.45 | E3: 0.25 | F3: 0.3
A4: 2 | B4: B1505915 | C4: Lý Minh Trí | D4: 0.5 | E4: 0.35 | F4: 0.4
A5: 3 | B5: B1509874 | C5: Nguyễn Kiều Mi | D5: 0.25 | E5: 0.25 | F5: 0.3
A6: 4 | B6: B1509929 | C6: Đặng Duy Linh | D6: 0.4 | E6: 0.25 | F6: 0.35
A7: 5 | B7: B1605223 | C7: Lê Thị Trúc Linh | D7: 0.45 | E7: 0.4 | F7: 0.35
A8: 6 | B8: B1605235 | C8: Phạm Thị Huỳnh | D8: 0.4 | E8: 0.45 | F8: 0.5
A9: 7 | B9: B1605249 | C9: Lê Minh Thông | D9: 0.4 | E9: 0.4 | F9: 0.4
A10: 8 | B10: B1605285 | C10: Huỳnh Thị Diễm | D10: 0.45 | E10: 0.4 | F10: 0.45
A11: 9 | B11: B1605291 | C11: Trần Thanh Nguyên | D11: 0.45 | E11: 0.4 | F11: 0.4
A12: 10 | B12: B1605344 | C12: Nguyễn Thị Đào | D12: 0.3 | E12: 0.5 | F12: 0.45
A13: 11 | B13: B1607025 | C13: Nguyễn Chí Thanh | D13: 0.4 | E13: 0.45 | F13: 0.4
A14: 12 | B14: B1609759 | C14: Nguyễn Hải Anh | D14: 0.5 | E14: 0.5 | F14: 0.45
... A16: 14 | B16: B1609773 | C16: Nguyễn Duy Khanh | D16: 0.35 | E16: 0.4 | F16: 0

Sheet Điểm bài tập lớn
A1: Điểm bài tập lớn
A2: STT | B2: Mã SV | C2: Họ và tên | D2: Điểm BT lớn
A3: 1 | B3: B1505719 | C3: Nguyễn Văn Hiếu | D3: 0.5
A4: 2 | B4: B1505915 | C4: Lý Minh Trí | D4: 1
A5: 3 | B5: B1509874 | C5: Nguyễn Kiều Mi | D5: 0.5
A6: 4 | B6: B1509929 | C6: Đặng Duy Linh | D6: 1
A7: 5 | B7: B1605223 | C7: Lê Thị Trúc Linh | D7: 0.75
A8: 6 | B8: B1605235 | C8: Phạm Thị Huỳnh | D8: 1.2
A9: 7 | B9: B1605249 | C9: Lê Minh Thông | D9: 1
A10: 8 | B10: B1605285 | C10: Huỳnh Thị Diễm | D10: 0
A11: 9 | B11: B1605291 | C11: Trần Thanh Nguyên | D11: 0.75
A12: 10 | B12: B1605344 | C12: Nguyễn Thị Đào | D12: 0.3
A13: 11 | B13: B1607025 | C13: Nguyễn Chí Thanh | D13: 0.3
A14: 12 | B14: B1609759 | C14: Nguyễn Hải Anh | D14: 1.5
... A16: 14 | B16: B1609773 | C16: Nguyễn Duy Khanh | D16: 0.85

Sheet Điểm lí thuyết
A1: Điểm lý thuyết
A2: STT | B2: Mã SV | C2: Họ và tên | D2: Điểm lý thuyết
A3: 1 | B3: B1505719 | C3: Nguyễn Văn Hiếu | D3: 4.2
A4: 2 | B4: B1505915 | C4: Lý Minh Trí | D4: 5.8
A5: 3 | B5: B1509874 | C5: Nguyễn Kiều Mi | D5: 5.8
A6: 4 | B6: B1509929 | C6: Đặng Duy Linh | D6: 4.5
A7: 5 | B7: B1605223 | C7: Lê Thị Trúc Linh | D7: 5.5
A8: 6 | B8: B1605235 | C8: Phạm Thị Huỳnh | D8: 7.5
A9: 7 | B9: B1605249 | C9: Lê Minh Thông | D9: 5.3
A10: 8 | B10: B1605285 | C10: Huỳnh Thị Diễm | D10: 6.8
A11: 9 | B11: B1605291 | C11: Trần Thanh Nguyên | D11: 6.3
A12: 10 | B12: B1605344 | C12: Nguyễn Thị Đào | D12: 8.3
A13: 11 | B13: B1607025 | C13: Nguyễn Chí Thanh | D13: -3
A14: 12 | B14: B1609759 | C14: Nguyễn Hải Anh | D14: 7
... A16: 14 | B16: B1609773 | C16: Nguyễn Duy Khanh | D16: 6.5

Sheet Các bảng tham chiếu và thống kê
A1: Bảng quy đổi điểm | E1: Bảng điểm chuyên cần
A2: Điểm theo thang điểm 10 | B2: Điểm chữ | C2: Điểm theo thang điểm 4 | E2: Số buổi vắng | F2: Điểm CT
A3: 0 | B3: F | C3: 0 | E3: 0 | F3: 1
A4: 4 | B4: D | C4: 1 | E4: 1 | F4: 0.5
A5: 5 | B5: D+ | C5: 1.5 | E5: 2 | F5: 0.25
A6: 5.5 | B6: C | C6: 2
A7: 6.5 | B7: C+ | C7: 2.5
A8: 7 | B8: B | C8: 3
A9: 8 | B9: B+ | C9: 3.5
A10: 9 | B10: A | C10: 4
A12: Danh sách sinh viên
A13: STT | B13: Mã SV | C13: Họ và Tên | E13: Bảng thống kê theo điểm chữ | F13: Số lượng
A14: 1 | B14: B1509929 | C14: Đặng Duy Linh | E14: A | F14: =COUNTIF('Tổng hợp điểm'!$K$8:$K$21, E14) -> 0
A15: 2 | B15: B1605285 | C15: Huỳnh Thị Diễm | E15: B+ | F15: =COUNTIF('Tổng hợp điểm'!$K$8:$K$21, E15) -> 1
A16: 3 | B16: B1605291 | C16: Trần Thanh Nguyên | E16: B | F16: =COUNTIF('Tổng hợp điểm'!$K$8:$K$21, E16) -> 2
A17: 4 | B17: B1605249 | C17: Lê Minh Thông | E17: C+ | F17: =COUNTIF('Tổng hợp điểm'!$K$8:$K$21, E17) -> 2
A18: 5 | B18: B1605223 | C18: Lê Thị Trúc Linh | E18: C | F18: =COUNTIF('Tổng hợp điểm'!$K$8:$K$21, E18) -> 5
A19: 6 | B19: B1505915 | C19: Lê Minh Trí | E19: D+ | F19: =COUNTIF('Tổng hợp điểm'!$K$8:$K$21, E19) -> 1
A20: 7 | B20: B1607025 | C20: Nguyễn Chí Thanh | E20: D | F20: =COUNTIF('Tổng hợp điểm'!$K$8:$K$21, E20) -> 0
A21: 8 | B21: B1609773 | C21: Nguyễn Duy Khanh | E21: F | F21: =COUNTIF('Tổng hợp điểm'!$K$8:$K$21, E21) -> 3
A22: 9 | B22: B1609759 | C22: Nguyễn Hải Anh
A23: 10 | B23: B1509874 | C23: Nguyễn Kiều Mi | E23: Bảng thống kê SV
A24: 11 | B24: B1605344 | C24: Nguyễn Thị Đào | E24: Số sinh viên điểm BT lớn=0 hoặc điểm LT=-3 | F24: =COUNTIF('Tổng hợp điểm'!$G$8:$G$21, 0) + COUNTIF('Tổng hợp điểm'!$H$8:$H$21, -3) -> 3
A25: 12 | B25: B1505719 | C25: Nguyễn Văn Hiếu | E25: Số SV điểm thang 10 >= 7 và Điểm chữ B+ hoặc A | F25: =COUNTIFS('Tổng hợp điểm'!$J$8:$J$21, ">=7", 'Tổng hợp điểm'!$K$8:$K$21, "B+") + COUNTIFS('Tổng hợp điểm'!$J$8:$J$21, ">=7", 'Tổng hợp điểm'!$K$8:$K$21, "A") -> 1
A26: 13 | B26: B1605235 | C26: Phạm Thị Huỳnh | E26: Số SV nghỉ TH > 2 | F26: =COUNTIF('Tổng hợp điểm'!$B$8:$B$21, "3*") + COUNTIF('Tổng hợp điểm'!$B$8:$B$21, "4*") + COUNTIF('Tổng hợp điểm'!$B$8:$B$21, "5*") -> 2
A27: 14 | B27: B1609765 | C27: Trần Nam Dương

Sheet Sinh viên điểm < 7
A1: DANH SÁCH SINH VIÊN CÓ ĐIỂM THEO THANG ĐIỂM 10 < 7
A3: STT | B3: Mã SV | C3: Họ và Tên | D3: Điểm TH1 | E3: Điểm TH2 | F3: Điểm TH3 | G3: Điểm BT Lớn | H3: Điểm LT | I3: Điểm Tổng | J3: Điểm theo thang điểm 10 | K3: Điểm chữ
A4: 1 | B4: ='Tổng hợp điểm'!B8 -> 0B1505719 | C4: ='Tổng hợp điểm'!C8 -> Nguyễn Văn Hiếu | D4: ='Tổng hợp điểm'!D8 -> 0.45 | E4: ='Tổng hợp điểm'!E8 -> 0.25 | F4: ='Tổng hợp điểm'!F8 -> 0.3 | G4: ='Tổng hợp điểm'!G8 -> 0.5 | H4: ='Tổng hợp điểm'!H8 -> 4.2 | I4: ='Tổng hợp điểm'!I8 -> 4 | ... K4: ='Tổng hợp điểm'!K8 -> D+
A5: 2 | B5: ='Tổng hợp điểm'!B9 -> 1B1505915 | C5: ='Tổng hợp điểm'!C9 -> Lê Minh Trí | D5: ='Tổng hợp điểm'!D9 -> 0.5 | E5: ='Tổng hợp điểm'!E9 -> 0.35 | F5: ='Tổng hợp điểm'!F9 -> 0.4 | G5: ='Tổng hợp điểm'!G9 -> 1 | H5: ='Tổng hợp điểm'!H9 -> 5.8 | I5: ='Tổng hợp điểm'!I9 -> 5.7 | ... K5: ='Tổng hợp điểm'!K9 -> C
A6: 3 | B6: ='Tổng hợp điểm'!B10 -> 0B1509874 | C6: ='Tổng hợp điểm'!C10 -> Nguyễn Kiều Mi | D6: ='Tổng hợp điểm'!D10 -> 0.25 | E6: ='Tổng hợp điểm'!E10 -> 0.25 | F6: ='Tổng hợp điểm'!F10 -> 0.3 | G6: ='Tổng hợp điểm'!G10 -> 0.5 | H6: ='Tổng hợp điểm'!H10 -> 5.8 | I6: ='Tổng hợp điểm'!I10 -> 4.8 | ... K6: ='Tổng hợp điểm'!K10 -> C
A7: 4 | B7: ='Tổng hợp điểm'!B11 -> 0B1509929 | C7: ='Tổng hợp điểm'!C11 -> Đặng Duy Linh | D7: ='Tổng hợp điểm'!D11 -> 0.4 | E7: ='Tổng hợp điểm'!E11 -> 0.25 | F7: ='Tổng hợp điểm'!F11 -> 0.35 | G7: ='Tổng hợp điểm'!G11 -> 1 | H7: ='Tổng hợp điểm'!H11 -> 4.5 | I7: ='Tổng hợp điểm'!I11 -> 4.7 | ... K7: ='Tổng hợp điểm'!K11 -> C
A8: 5 | B8: ='Tổng hợp điểm'!B12 -> 2B1605223 | C8: ='Tổng hợp điểm'!C12 -> Lê Thị Trúc Linh | D8: ='Tổng hợp điểm'!D12 -> 0.45 | E8: ='Tổng hợp điểm'!E12 -> 0.4 | F8: ='Tổng hợp điểm'!F12 -> 0.35 | G8: ='Tổng hợp điểm'!G12 -> 0.75 | H8: ='Tổng hợp điểm'!H12 -> 5.5 | I8: ='Tổng hợp điểm'!I12 -> 5.3 | ... K8: ='Tổng hợp điểm'!K12 -> C
A9: 6 | B9: ='Tổng hợp điểm'!B14 -> 0B1605249 | C9: ='Tổng hợp điểm'!C14 -> Lê Minh Thông | D9: ='Tổng hợp điểm'!D14 -> 0.4 | E9: ='Tổng hợp điểm'!E14 -> 0.4 | F9: ='Tổng hợp điểm'!F14 -> 0.4 | G9: ='Tổng hợp điểm'!G14 -> 1 | H9: ='Tổng hợp điểm'!H14 -> 5.3 | I9: ='Tổng hợp điểm'!I14 -> 5.4 | ... K9: ='Tổng hợp điểm'!K14 -> C
A10: 7 | B10: ='Tổng hợp điểm'!B15 -> 0B1605285 | C10: ='Tổng hợp điểm'!C15 -> Huỳnh Thị Diễm | D10: ='Tổng hợp điểm'!D15 -> 0.45 | E10: ='Tổng hợp điểm'!E15 -> 0.4 | F10: ='Tổng hợp điểm'!F15 -> 0.45 | G10: ='Tổng hợp điểm'!G15 -> 0 | H10: ='Tổng hợp điểm'!H15 -> 6.8 | I10: ='Tổng hợp điểm'!I15 -> 5.4 | ... K10: ='Tổng hợp điểm'!K15 -> F
A11: 8 | B11: ='Tổng hợp điểm'!B16 -> 0B1605291 | C11: ='Tổng hợp điểm'!C16 -> Trần Thanh Nguyên | D11: ='Tổng hợp điểm'!D16 -> 0.45 | E11: ='Tổng hợp điểm'!E16 -> 0.4 | F11: ='Tổng hợp điểm'!F16 -> 0.4 | G11: ='Tổng hợp điểm'!G16 -> 0.75 | H11: ='Tổng hợp điểm'!H16 -> 6.3 | I11: ='Tổng hợp điểm'!I16 -> 5.8 | ... K11: ='Tổng hợp điểm'!K16 -> C+
A12: 9 | B12: ='Tổng hợp điểm'!B18 -> 4B1607025 | C12: ='Tổng hợp điểm'!C18 -> Nguyễn Chí Thanh | D12: ='Tổng hợp điểm'!D18 -> 0.4 | E12: ='Tổng hợp điểm'!E18 -> 0.45 | F12: ='Tổng hợp điểm'!F18 -> 0.4 | G12: ='Tổng hợp điểm'!G18 -> 0.3 | H12: ='Tổng hợp điểm'!H18 -> -3 | I12: ='Tổng hợp điểm'!I18 -> 0 | ... K12: ='Tổng hợp điểm'!K18 -> F
A13: 10 | B13: ='Tổng hợp điểm'!B20 -> 5B1609765 | C13: ='Tổng hợp điểm'!C20 -> Trần Nam Dương | D13: ='Tổng hợp điểm'!D20 -> 0.4 | E13: ='Tổng hợp điểm'!E20 -> 0.4 | F13: ='Tổng hợp điểm'!F20 -> 0.35 | G13: ='Tổng hợp điểm'!G20 -> 1.35 | H13: ='Tổng hợp điểm'!H20 -> -3 | I13: ='Tổng hợp điểm'!I20 -> 0 | ... K13: ='Tổng hợp điểm'!K20 -> F
A14: 11 | B14: ='Tổng hợp điểm'!B21 -> 0B1609773 | C14: ='Tổng hợp điểm'!C21 -> Nguyễn Duy Khanh | D14: ='Tổng hợp điểm'!D21 -> 0.35 | E14: ='Tổng hợp điểm'!E21 -> 0.4 | F14: ='Tổng hợp điểm'!F21 -> 0 | G14: ='Tổng hợp điểm'!G21 -> 0.85 | H14: ='Tổng hợp điểm'!H21 -> 6.5 | I14: ='Tổng hợp điểm'!I21 -> 5.5 | ... K14: ='Tổng hợp điểm'!K21 -> C+

Sheet Sinh viên điểm >= 7
A1: DANH SÁCH SINH VIÊN CÓ ĐIỂM THEO THANG ĐIỂM 10 >= 7 VÀ ĐIỂM CHỮ LÀ B+ HOẶC A
A3: STT | B3: Mã SV | C3: Họ và Tên | D3: Điểm TH1 | E3: Điểm TH2 | F3: Điểm TH3 | G3: Điểm BT Lớn | H3: Điểm LT | I3: Điểm Tổng | J3: Điểm theo thang điểm 10 | K3: Điểm chữ
A4: 1 | B4: ='Tổng hợp điểm'!B13 -> 0B1605235 | C4: ='Tổng hợp điểm'!C13 -> Phạm Thị Huỳnh | D4: ='Tổng hợp điểm'!D13 -> 0.4 | E4: ='Tổng hợp điểm'!E13 -> 0.45 | F4: ='Tổng hợp điểm'!F13 -> 0.5 | G4: ='Tổng hợp điểm'!G13 -> 1.2 | H4: ='Tổng hợp điểm'!H13 -> 7.5 | I4: ='Tổng hợp điểm'!I13 -> 7.1 | ... K4: ='Tổng hợp điểm'!K13 -> B+
